video,comparison,n_pairs,mean_group1,mean_group2,mean_diff,t_test_statistic,t_test_p,wilcoxon_statistic,wilcoxon_p,group1_better_count,group2_better_count,ties_count,cohens_d,r_effect_size,cles,cliffs_delta
7,ai_always_vs_human_only,990,0.7615555555555555,0.6679393939393939,0.0936161616161616,50.2030465679169,3.0631346749251073e-274,503.0,1.104079241546539e-160,961,15,14,1.5955575589554365,0.8474556620435645,0.9707070707070707,0.9555555555555556
7,human_only_supervision_vs_human_only,990,0.7371212121212121,0.6679393939393939,0.06918181818181812,40.38939232840319,1.805580004380476e-211,7173.0,5.7379829404594225e-148,900,53,37,1.2836591529165124,0.7890264482134515,0.9090909090909091,0.8555555555555555
7,ai_always_vs_human_only_supervision,990,0.7615555555555555,0.7371212121212121,0.024434343434343475,25.674112348720715,8.335915183664405e-112,40824.5,2.743508922591933e-93,732,154,104,0.8159768545531163,0.6324056575296142,0.7393939393939394,0.5838383838383838
8,ai_always_vs_human_only,435,0.855816091954023,0.7962758620689655,0.05954022988505747,24.93628235994266,8.196801771271528e-86,1454.5,2.1925715320290006e-63,378,26,31,1.1956032267069854,0.7674271144307848,0.8689655172413793,0.8091954022988506
8,human_only_supervision_vs_human_only,435,0.8484827586206898,0.7962758620689655,0.05220689655172428,23.078656052559424,1.7615607989356473e-77,2506.5,5.518722616155252e-62,381,33,21,1.1065368624805783,0.7423037350723198,0.8758620689655172,0.8
8,ai_always_vs_human_only_supervision,435,0.855816091954023,0.8484827586206898,0.007333333333333192,5.522423051536432,5.768713412005713e-08,24474.0,6.984137990724516e-07,227,145,63,0.2647799188488647,0.25623481839755713,0.5218390804597701,0.18850574712643678
9,ai_always_vs_human_only,666,0.623963963963964,0.5722372372372373,0.051726726726726735,26.197068516337108,1.784608958777882e-104,13454.0,6.500841314203042e-80,547,88,31,1.0151157856780795,0.712654436701113,0.8213213213213213,0.6891891891891891
9,human_only_supervision_vs_human_only,666,0.6533933933933933,0.5722372372372373,0.08115615615615601,37.344708732123905,2.1291082317251674e-165,3136.0,2.939090832322686e-101,610,36,20,1.447078069895031,0.8228766895801218,0.9159159159159159,0.8618618618618619
9,ai_always_vs_human_only_supervision,666,0.623963963963964,0.6533933933933933,-0.029429429429429277,-22.597315595549304,2.470242684249262e-84,17673.5,1.0230696731976096e-67,100,511,55,-0.8756281933104965,0.6590523595764342,0.15015015015015015,-0.6171171171171171
